sampled_at,elapsed_seconds,rss_kib
2026-09-08T17:05:18+08:00,64,1886736
2026-09-08T17:06:22+08:00,129,1887104
2026-09-08T17:07:33+08:00,200,1887508
2026-09-08T17:08:28+08:00,255,1887824
2026-09-08T17:09:36+08:00,323,1888208
2026-09-08T17:10:06+08:00,353,1888380
2026-09-08T17:10:36+08:00,383,1888552
2026-09-08T17:11:06+08:00,413,1888720
2026-09-08T17:11:36+08:00,443,1888892
2026-09-08T17:12:06+08:00,473,1889064
2026-09-08T17:12:36+08:00,503,1889236
2026-09-08T17:13:06+08:00,533,1889408
2026-09-08T17:13:36+08:00,563,1889580
2026-09-08T17:14:06+08:00,593,1889748
2026-09-08T17:14:36+08:00,623,1889920
2026-09-08T17:15:06+08:00,653,1890092
2026-09-08T17:15:36+08:00,683,1890264
2026-09-08T17:16:06+08:00,713,1890436
2026-09-08T17:16:36+08:00,743,1890604
2026-09-08T17:17:06+08:00,773,1890776
2026-09-08T17:17:36+08:00,803,1890948
2026-09-08T17:18:06+08:00,833,1891120
2026-09-08T17:18:36+08:00,863,1891292
2026-09-08T17:19:06+08:00,893,1891464
2026-09-08T17:19:36+08:00,923,1891632
2026-09-08T17:20:06+08:00,953,1891804
2026-09-08T17:20:36+08:00,983,1891976
2026-09-08T17:21:06+08:00,1013,1892148
2026-09-08T17:21:36+08:00,1043,1892316
2026-09-08T17:22:06+08:00,1073,1892488
2026-09-08T17:22:36+08:00,1103,1892660
2026-09-08T17:23:06+08:00,1133,1892832
2026-09-08T17:23:36+08:00,1163,1893004
2026-09-08T17:24:06+08:00,1193,1893176
2026-09-08T17:24:37+08:00,1223,1893344
2026-09-08T17:25:07+08:00,1253,1893516
2026-09-08T17:25:37+08:00,1283,1893688
2026-09-08T17:26:07+08:00,1313,1893860
2026-09-08T17:26:37+08:00,1343,1894032
2026-09-08T17:27:07+08:00,1373,1894204
2026-09-08T17:27:37+08:00,1403,1894376
2026-09-08T17:28:07+08:00,1433,1894544
2026-09-08T17:28:37+08:00,1463,1894716
2026-09-08T17:29:07+08:00,1493,1894888
2026-09-08T17:29:37+08:00,1523,1895060
2026-09-08T17:30:07+08:00,1553,1895232
2026-09-08T17:30:37+08:00,1583,1895404
2026-09-08T17:31:07+08:00,1613,1895572
2026-09-08T17:31:37+08:00,1643,1895744
2026-09-08T17:32:07+08:00,1673,1895916
2026-09-08T17:32:37+08:00,1703,1896088
2026-09-08T17:33:07+08:00,1733,1896260
2026-09-08T17:33:37+08:00,1763,1896428
2026-09-08T17:34:07+08:00,1794,1896600
